{
    "development": {
        "host": "127.0.0.1",
        "dialect": "mysql",
        "username": "root",
        "password": "12345678",
        "database": "trello_app_development",
        "timezone": "+08:00"
    },
    "test": {
        "host": "127.0.0.1",
        "dialect": "mysql",
        "username": "root",
        "password": "",
        "database": "trello_app_test",
        "timezone": "+08:00"
    },
    "production": {
        "host": "127.0.0.1",
        "dialect": "mysql",
        "username": "root",
        "password": "",
        "database": "trello_app_production",
        "timezone": "+08:00"
    }
}